{"cameraMode":{"drawMode":0,"name":"Shaded","section":"Shading Mode"},"sceneLighting":false,"audioPlay":false,"sceneViewState":{"showFog":true,"showMaterialUpdate":false,"showSkybox":false,"showFlares":true,"showImageEffects":true,"showParticleSystems":true},"in2DMode":false,"pivot":{"x":0.0,"y":-1.7799997329711915,"z":-19.626361846923829},"rotation":{"x":0.09014271944761276,"y":0.031673215329647067,"z":-0.002876501763239503,"w":0.9954417943954468},"size":66.51541137695313,"orthographic":false}