{"cameraMode":{"drawMode":0,"name":"Shaded","section":"Shading Mode"},"sceneLighting":false,"audioPlay":false,"sceneViewState":{"showFog":true,"showMaterialUpdate":false,"showSkybox":false,"showFlares":true,"showImageEffects":true,"showParticleSystems":true},"in2DMode":false,"pivot":{"x":-0.4677756428718567,"y":-5.154422760009766,"z":21.438026428222658},"rotation":{"x":-0.654988706111908,"y":0.019078994169831277,"z":-0.0161761324852705,"w":-0.755407452583313},"size":39.12531661987305,"orthographic":false}